"archive_id","file_name","inferred_title","filename_year","exact_catalog_title_match","catalog_title","catalog_year","same_release","browser_video_format","rights_status","review_state"
"comedy-collection","04 SANDLOT (1993).mp4","SANDLOT","1993","False","","","False","True","unconfirmed","manual review required"
"comedy-collection","11.14.2003.mp4","14 2003","2003","False","","","False","True","unconfirmed","manual review required"
"comedy-collection","13 Going on 30 (2004).mp4","Going on 30","2004","False","","","False","True","unconfirmed","manual review required"
"comedy-collection","1945 Hollywood Victory Caravan 720p-Bogart, Hope, Crosby, Hutton.mp4","1945 Hollywood Victory Caravan 720p-Bogart, Hope, Crosby, Hutton","1945","False","","","False","True","unconfirmed","manual review required"
"comedy-collection","1957-2. The Pajama Game.mp4","1957-2  The Pajama Game","1957","False","","","False","True","unconfirmed","manual review required"
"comedy-collection","1987. Hannah and Her Sisters.mp4","1987  Hannah and Her Sisters","1987","False","","","False","True","unconfirmed","manual review required"
"comedy-collection","8U9N7-EN-1080.mp4","8U9N7-EN-1080","","False","","","False","True","unconfirmed","manual review required"
"comedy-collection","A Countess from Hong Kong (1967)🔹.mp4","A Countess from Hong Kong","1967","False","","","False","True","unconfirmed","manual review required"
"comedy-collection","A Day At The Zoo 1939.mp4","A Day At The Zoo","1939","False","","","False","True","unconfirmed","manual review required"
"comedy-collection","A Million Ways to Die in the West (2014).mp4","A Million Ways to Die in the West","2014","False","","","False","True","unconfirmed","manual review required"
"comedy-collection","A Stitch in Time (1963).mp4","A Stitch in Time","1963","False","","","False","True","unconfirmed","manual review required"
"comedy-collection","A.Fish.Called.Wanda.1988.720p.BRRip.x264-x0r.mkv","A Fish Called Wanda","1988","False","","","False","False","unconfirmed","manual review required"
"comedy-collection","A.Foreign.Affair.1948.720p.BluRay.x264-[YTS.AG].mp4","A Foreign Affair","1948","False","","","False","True","unconfirmed","manual review required"
"comedy-collection","A.Life.Less.Ordinary.1997.720p.BluRay.x264-[YTS.AG].mp4","A Life Less Ordinary","1997","False","","","False","True","unconfirmed","manual review required"
"comedy-collection","A.Man.Called.Otto.2022.720p.BluRay.x264.AAC-[YTS.MX].mp4","A Man Called Otto","2022","False","","","False","True","unconfirmed","manual review required"
"comedy-collection","A.n.o.r.a.2024.2160p.mp4","A n o r a","2024","False","","","False","True","unconfirmed","manual review required"
"comedy-collection","Abbott and Costello in the Foreign Legion (1950).ia.mp4","Abbott and Costello in the Foreign Legion","1950","False","","","False","True","unconfirmed","manual review required"
"comedy-collection","Absolutely Anything (2015) 720p; Simon Pegg, Kate Beckinsale.mp4","Absolutely Anything","2015","False","","","False","True","unconfirmed","manual review required"
"comedy-collection","Ace High (1968).mp4","Ace High","1968","False","","","False","True","unconfirmed","manual review required"
"comedy-collection","After the Sunset (2004).mp4","After the Sunset","2004","False","","","False","True","unconfirmed","manual review required"
"comedy-collection","Alexander's Ragtime Band (1938) Alice Faye.mp4","Alexander's Ragtime Band","1938","False","","","False","True","unconfirmed","manual review required"
"comedy-collection","Alice Adams (1935).mp4","Alice Adams","1935","False","","","False","True","unconfirmed","manual review required"
"comedy-collection","Alice's Restaurant (1969).mp4","Alice's Restaurant","1969","False","","","False","True","unconfirmed","manual review required"
"comedy-collection","Alive And Kicking (1958).webm","Alive And Kicking","1958","False","","","False","True","unconfirmed","manual review required"
"comedy-collection","All Over the Town 1949.mp4","All Over the Town","1949","False","","","False","True","unconfirmed","manual review required"
"comedy-collection","Angel Who Pawned Her Harp, The 1954.mp4","Angel Who Pawned Her Harp, The","1954","False","","","False","True","unconfirmed","manual review required"
"comedy-collection","Angel on my Shoulder (1946) 720p.mp4","Angel on my Shoulder","1946","False","","","False","True","unconfirmed","manual review required"
"comedy-collection","As Young as You Feel (1951) Marilyn Monroe.mp4","As Young as You Feel","1951","False","","","False","True","unconfirmed","manual review required"
"comedy-collection","Asteroid City (2023).mp4","Asteroid City","2023","False","","","False","True","unconfirmed","manual review required"
"comedy-collection","Auntie Mame (1958).m4v","Auntie Mame","1958","False","","","False","True","unconfirmed","manual review required"
"comedy-collection","B.a.r.b.i.e.23.ia[1].mp4","B a r b i e 23 ia[1","","False","","","False","True","unconfirmed","manual review required"
"comedy-collection","Babylon (2022).mp4","Babylon","2022","False","","","False","True","unconfirmed","manual review required"
"comedy-collection","Be.Kind.Rewind.2008.mp4","Be Kind Rewind","2008","False","","","False","True","unconfirmed","manual review required"
"comedy-collection","Before We Go (2014).mp4","Before We Go","2014","False","","","False","True","unconfirmed","manual review required"
"comedy-collection","Bernie (2011).mp4","Bernie","2011","False","","","False","True","unconfirmed","manual review required"
"comedy-collection","Better Nate Than Ever (2022) •  Rueby Wood, Joshua Bassett, Aria Brooks.ia.mp4","Better Nate Than Ever","2022","False","","","False","True","unconfirmed","manual review required"
"comedy-collection","Billy_roses.jumbo.1962.1080p.bluray.x264.aac5.1-_yts.mx.mp4","Billy roses jumbo","1962","False","","","False","True","unconfirmed","manual review required"
"comedy-collection","Blast from the Past (1999)• Brendan Fraser, Alicia Silverstone, Christopher Walken, Sissy Spacek.mp4","Blast from the Past","1999","False","","","False","True","unconfirmed","manual review required"
"comedy-collection","Blazing Saddles (1974).mp4","Blazing Saddles","1974","False","","","False","True","unconfirmed","manual review required"
"comedy-collection","Bleak Moments (1971).mp4","Bleak Moments","1971","False","","","False","True","unconfirmed","manual review required"
"comedy-collection","Bottle.Rocket.1996.mp4","Bottle Rocket","1996","False","","","False","True","unconfirmed","manual review required"
"comedy-collection","Breaking Away (1979) PJ Soles.mp4","Breaking Away","1979","False","","","False","True","unconfirmed","manual review required"
"comedy-collection","Bringing Up Baby 1938.mp4","Bringing Up Baby","1938","False","","","False","True","unconfirmed","manual review required"
"comedy-collection","CAPTAIN_NEWMAN_MD (1963).mp4","CAPTAIN NEWMAN MD","1963","False","","","False","True","unconfirmed","manual review required"
"comedy-collection","Charlie's Angels (2000).mp4","Charlie's Angels","2000","False","","","False","True","unconfirmed","manual review required"
"comedy-collection","Cheaper By The Dozen (1950)- Clifton Webb, Myrna Loy, Jeanne Crain.mp4","Cheaper By The Dozen","1950","False","","","False","True","unconfirmed","manual review required"
"comedy-collection","Cirque Du Freak The Vampire's Assistant (2009).mp4","Cirque Du Freak The Vampire's Assistant","2009","False","","","False","True","unconfirmed","manual review required"
"comedy-collection","Click (2006).mp4","Click","2006","True","Click","2006","True","True","unconfirmed","manual review required"
"comedy-collection","Come to the Stable (1949).mp4","Come to the Stable","1949","False","","","False","True","unconfirmed","manual review required"
"comedy-collection","Counsellor At Law (1933) ⭐⭐⭐⭐ John Barrymore, Bebe Daniels, Melvyn Douglas.mp4","Counsellor At Law","1933","False","","","False","True","unconfirmed","manual review required"
"comedy-collection","Daddy's Home (2015).mp4","Daddy's Home","2015","False","","","False","True","unconfirmed","manual review required"
"comedy-collection","Daddy's Home 2 (2017).mp4","Daddy's Home 2","2017","False","","","False","True","unconfirmed","manual review required"
"comedy-collection","Danger – Love at Work (1937).mp4","Danger – Love at Work","1937","False","","","False","True","unconfirmed","manual review required"
"comedy-collection","Dazed.And.Confused.1993.1080p.BluRay.x264.AAC5.1-[YTS.MX].mp4","Dazed And Confused","1993","False","","","False","True","unconfirmed","manual review required"
"comedy-collection","Diary of a Wimpy Kid (2010).mp4","Diary of a Wimpy Kid","2010","False","","","False","True","unconfirmed","manual review required"
"comedy-collection","Diner (1982).mp4","Diner","1982","False","","","False","True","unconfirmed","manual review required"
"comedy-collection","Doc Hollywood (1991).mp4","Doc Hollywood ","1991","False","","","False","True","unconfirmed","manual review required"
"comedy-collection","Dogma.1999.1080p.BrRip.x264.BOKUTOX.YIFY (2024_05_05 18_08_38 UTC).mp4","Dogma","1999","False","","","False","True","unconfirmed","manual review required"
"comedy-collection","Don't.Be.A.Menace.To.South.Central.While.Drinking.Your.Juice.In.The.Hood.1996.1080p.BluRay.x264-[YTS.AG].mp4","Don't Be A Menace To South Central While Drinking Your Juice In The Hood","1996","False","","","False","True","unconfirmed","manual review required"
"comedy-collection","Double Bunk (1961).webm","Double Bunk","1961","False","","","False","True","unconfirmed","manual review required"
"comedy-collection","Down.To.Earth.1947.mp4","Down To Earth","1947","False","","","False","True","unconfirmed","manual review required"
"comedy-collection","Dumbo HD (1941).mp4","Dumbo HD","1941","False","","","False","True","unconfirmed","manual review required"
"comedy-collection","Elf (2003).mp4","Elf","2003","True","Elf","2003","True","True","unconfirmed","manual review required"
"comedy-collection","Eurotrip (2004) 1080p.BluRay.x264.AAC5.1-[YTS.MX].mp4","Eurotrip","2004","False","","","False","True","unconfirmed","manual review required"
"comedy-collection","Fallen Angels (1995) (Sub).mp4","Fallen Angels","1995","False","","","False","True","unconfirmed","manual review required"
"comedy-collection","Fashions of 1934 (1934) DVD.1080p.AC2.0.x264.mp4","Fashions of","1934","False","","","False","True","unconfirmed","manual review required"
"comedy-collection","Father Goose (1964)(NR).mp4","Father Goose","1964","False","","","False","True","unconfirmed","manual review required"
"comedy-collection","Finding Emily 2026.mp4","Finding Emily","2026","False","","","False","True","unconfirmed","manual review required"
"comedy-collection","Fly Me to the Moon (2024).mp4","Fly Me to the Moon","2024","False","","","False","True","unconfirmed","manual review required"
"comedy-collection","Genevieve (1953) .webm","Genevieve","1953","False","","","False","True","unconfirmed","manual review required"
"comedy-collection","Get Shorty (1995) ★ Gene Hackman, John Travolta, Rene Russo, Danny DeVito.mp4","Get Shorty","1995","False","","","False","True","unconfirmed","manual review required"
"comedy-collection","Good Morning Vietnam (1987).mp4","Good Morning Vietnam","1987","True","Good Morning, Vietnam","1987","True","True","unconfirmed","manual review required"
"comedy-collection","Groundhog Day (1993).mp4","Groundhog Day","1993","False","","","False","True","unconfirmed","manual review required"
"comedy-collection","Guarding Tess (1994).mp4","Guarding Tess","1994","False","","","False","True","unconfirmed","manual review required"
"comedy-collection","Happiness (1998).mp4","Happiness","1998","False","","","False","True","unconfirmed","manual review required"
"comedy-collection","Heathers (1988).mp4","Heathers","1988","False","","","False","True","unconfirmed","manual review required"
"comedy-collection","High Anxiety (1977) Mel Brooks, Madeleine Kahn, Cloris Leachman.mp4","High Anxiety","1977","False","","","False","True","unconfirmed","manual review required"
"comedy-collection","Holes (2003).mp4","Holes","2003","False","","","False","True","unconfirmed","manual review required"
"comedy-collection","How To Marry a Millionaire (1953).mp4","How To Marry a Millionaire","1953","False","","","False","True","unconfirmed","manual review required"
"comedy-collection","How to Beat the High Cost of Living (1980).mp4","How to Beat the High Cost of Living","1980","False","","","False","True","unconfirmed","manual review required"
"comedy-collection","How to Marry a Millionaire 1953 BDRip 1080p DTS multisub HighCode.mp4","How to Marry a Millionaire","1953","False","","","False","True","unconfirmed","manual review required"
"comedy-collection","Hue and Cry (1947).mp4","Hue and Cry","1947","False","","","False","True","unconfirmed","manual review required"
"comedy-collection","Hustle (2022).mp4","Hustle","2022","False","","","False","True","unconfirmed","manual review required"
"comedy-collection","I Heart Huckabees (2004).mp4","I Heart Huckabees","2004","False","","","False","True","unconfirmed","manual review required"
"comedy-collection","Idiot's Delight (1939) Norma Shearer, Clark Gable, Clarence Brown.mp4","Idiot's Delight","1939","False","","","False","True","unconfirmed","manual review required"
"comedy-collection","Ingrid.Goes.West.2017.720p.BluRay.x264-[YTS.AG].mp4","Ingrid Goes West","2017","False","","","False","True","unconfirmed","manual review required"
"comedy-collection","It Happened Tomorrow (1944-HD).mp4","It Happened Tomorrow","1944","False","","","False","True","unconfirmed","manual review required"
"comedy-collection","It's A Great Feeling (1949).mp4","It's A Great Feeling","1949","False","","","False","True","unconfirmed","manual review required"
"comedy-collection","Jawbreaker (1999).mp4","Jawbreaker","1999","False","","","False","True","unconfirmed","manual review required"
"comedy-collection","Jewel Of the Nile (1985).mp4","Jewel Of the Nile","1985","False","","","False","True","unconfirmed","manual review required"
"comedy-collection","Joe. Versus. The. Volcano. (1990) Tom Hanks.mp4","Joe  Versus  The  Volcano","1990","False","","","False","True","unconfirmed","manual review required"
"comedy-collection","Johnny.Dangerously.1984.1080p.mp4","Johnny Dangerously","1984","False","","","False","True","unconfirmed","manual review required"
"comedy-collection","Kung Fu Hustle 2004 1080P (Subs).mp4","Kung Fu Hustle","2004","False","","","False","True","unconfirmed","manual review required"
"comedy-collection","Kung Fu Hustle 2004.720p (Dub).mp4","Kung Fu Hustle","2004","False","","","False","True","unconfirmed","manual review required"
"comedy-collection","Lady Godiva Rides Again (1951) Diana Dors.mp4","Lady Godiva Rides Again","1951","False","","","False","True","unconfirmed","manual review required"
"comedy-collection","Larceny Inc (1942) Comedy.mp4","Larceny Inc","1942","False","","","False","True","unconfirmed","manual review required"
"comedy-collection","Lars and the Real Girl 2007.mp4","Lars and the Real Girl","2007","False","","","False","True","unconfirmed","manual review required"
"comedy-collection","Legendary Weapons of China (1982) (En Sub).mp4","Legendary Weapons of China","1982","False","","","False","True","unconfirmed","manual review required"
"comedy-collection","Licorice.Pizza.2021.1080p.WEBRip.x264.AAC5.1-[YTS.MX].mp4","Licorice Pizza","2021","False","","","False","True","unconfirmed","manual review required"
"comedy-collection","Love Me or Leave Me (1955).mp4","Love Me or Leave Me","1955","False","","","False","True","unconfirmed","manual review required"
"comedy-collection","Madam Satan (1930).mp4","Madam Satan","1930","False","","","False","True","unconfirmed","manual review required"
"comedy-collection","Man.On.The.Moon.1999.mp4","Man On The Moon","1999","False","","","False","True","unconfirmed","manual review required"
"comedy-collection","Mans.Favorite.Sport.1964.1080p.BluRay.H264.AAC-RARBG.mp4","Mans Favorite Sport","1964","False","","","False","True","unconfirmed","manual review required"
"comedy-collection","Mary Poppins Returns (2018).mp4","Mary Poppins Returns","2018","True","Mary Poppins Returns","2018","True","True","unconfirmed","manual review required"
"comedy-collection","Mean.Girls.2024.720p.mp4","Mean Girls","2024","True","Mean Girls","2004","False","True","unconfirmed","manual review required"
"comedy-collection","Mel Brook's 'Silent Movie'(1976) • ( Mel Brooks, Marty Feldman, Dom DeLuise.mp4","Mel Brook's 'Silent Movie'","1976","False","","","False","True","unconfirmed","manual review required"
"comedy-collection","Memoirs.Of.An.Invisible.Man.1992.720p .mp4","Memoirs Of An Invisible Man","1992","False","","","False","True","unconfirmed","manual review required"
"comedy-collection","Merrily We Go To Hell -Dorothy Arzner (1932).m4v","Merrily We Go To Hell -Dorothy Arzner","1932","False","","","False","True","unconfirmed","manual review required"
"comedy-collection","Miranda (1948) B&W.mp4","Miranda","1948","False","","","False","True","unconfirmed","manual review required"
"comedy-collection","Mister Lonely (2007).mp4","Mister Lonely","2007","False","","","False","True","unconfirmed","manual review required"
"comedy-collection","Moonrise Kingdom  (2012) •  Jared Gilman, Kara Hayward, Bruce Willis.mp4","Moonrise Kingdom","2012","False","","","False","True","unconfirmed","manual review required"
"comedy-collection","Move Over, Darling (1963)(NR).mp4","Move Over, Darling","1963","False","","","False","True","unconfirmed","manual review required"
"comedy-collection","Mr Deeds (2002).mp4","Mr Deeds","2002","False","","","False","True","unconfirmed","manual review required"
"comedy-collection","Mr. & Mrs. Smith (1941).mp4","Mr  & Mrs  Smith","1941","False","","","False","True","unconfirmed","manual review required"
"comedy-collection","Murder Ahoy! (1964).mp4","Murder Ahoy!","1964","False","","","False","True","unconfirmed","manual review required"
"comedy-collection","Murder She Said (1961).mp4","Murder She Said","1961","False","","","False","True","unconfirmed","manual review required"
"comedy-collection","Murder by Death (1976).mp4","Murder by Death","1976","False","","","False","True","unconfirmed","manual review required"
"comedy-collection","Murder.Most.Foul.1964.mp4","Murder Most Foul","1964","False","","","False","True","unconfirmed","manual review required"
"comedy-collection","Murder.at.the.Gallop.1963.mp4","Murder at the Gallop","1963","False","","","False","True","unconfirmed","manual review required"
"comedy-collection","Murderer's Row.1966.mp4","Murderer's Row","1966","False","","","False","True","unconfirmed","manual review required"
"comedy-collection","My Sister Eileen (1955).mp4","My Sister Eileen","1955","False","","","False","True","unconfirmed","manual review required"
"comedy-collection","My Six Loves (1963).mp4","My Six Loves","1963","False","","","False","True","unconfirmed","manual review required"
"comedy-collection","Mystery Train (1989).mp4","Mystery Train","1989","False","","","False","True","unconfirmed","manual review required"
"comedy-collection","Never Give a Sucker an Even Break (1941).mp4","Never Give a Sucker an Even Break","1941","False","","","False","True","unconfirmed","manual review required"
"comedy-collection","Never on Sunday (1960) (Subs).mp4","Never on Sunday","1960","False","","","False","True","unconfirmed","manual review required"
"comedy-collection","Night Nurse 1931.mp4","Night Nurse","1931","False","","","False","True","unconfirmed","manual review required"
"comedy-collection","No.Hard.Feelings.2023.720p.BluRay.x264.AAC-[YTS.MX].mp4","No Hard Feelings","2023","False","","","False","True","unconfirmed","manual review required"
"comedy-collection","Novocaine  (2025)•  Jack Quaid, Amber Midthunder, Ray Nicholson.mp4","Novocaine","2025","False","","","False","True","unconfirmed","manual review required"
"comedy-collection","Panama Hattie 1942.mp4","Panama Hattie","1942","False","","","False","True","unconfirmed","manual review required"
"comedy-collection","People Will Talk (1951).mp4","People Will Talk","1951","False","","","False","True","unconfirmed","manual review required"
"comedy-collection","Pineapple Express (2008).mp4","Pineapple Express","2008","False","","","False","True","unconfirmed","manual review required"
"comedy-collection","Play It Again, Sam (1972).mp4","Play It Again, Sam","1972","False","","","False","True","unconfirmed","manual review required"
"comedy-collection","Plaza Suite (1971) [HD].mp4","Plaza Suite","1971","False","","","False","True","unconfirmed","manual review required"
"comedy-collection","Police Story (1985) (Export Cut) (J. Chan) (EN Dub).mp4","Police Story","1985","False","","","False","True","unconfirmed","manual review required"
"comedy-collection","Police Story (1985) (Original Cut) (J.Chan) (EN Dub).mp4","Police Story","1985","False","","","False","True","unconfirmed","manual review required"
"comedy-collection","Practical Magic (1998) Sandra Bullock, Nicole Kidman, Stockard Channing.mp4","Practical Magic","1998","False","","","False","True","unconfirmed","manual review required"
"comedy-collection","Radio Days (1987).mp4","Radio Days","1987","False","","","False","True","unconfirmed","manual review required"
"comedy-collection","Red Headed Woman - Jack Conway (1932).m4v","Red Headed Woman - Jack Conway","1932","False","","","False","True","unconfirmed","manual review required"
"comedy-collection","Remarkably.Bright.Creatures.2026.720p.WEBRip.x264.AAC-[YTS.BZ].mp4","Remarkably Bright Creatures","2026","False","","","False","True","unconfirmed","manual review required"
"comedy-collection","Restless.Natives .1080p.WEBRip.x264-RARBG.mp4","Restless Natives  1080p WEBRip x264-RARBG","","False","","","False","True","unconfirmed","manual review required"
"comedy-collection","Return Of The Pink Panther, The (1975).mp4","Return Of The Pink Panther, The","1975","False","","","False","True","unconfirmed","manual review required"
"comedy-collection","Revenge Of The Pink Panther ~ 1978 - Free Download, Borrow, and Streaming - Internet Archive.mp4","Revenge Of The Pink Panther ~","1978","False","","","False","True","unconfirmed","manual review required"
"comedy-collection","Rich and Strange (1931).mp4","Rich and Strange","1931","False","","","False","True","unconfirmed","manual review required"
"comedy-collection","Ride On-Jackie Chan (2023).mp4","Ride On-Jackie Chan","2023","False","","","False","True","unconfirmed","manual review required"
"comedy-collection","Rob-B-Hood (2006) -Jackie Chan.mp4","Rob-B-Hood","2006","False","","","False","True","unconfirmed","manual review required"
"comedy-collection","Robin_and_the_Seven_Hoods (1964) Best Copy.mp4","Robin and the Seven Hoods","1964","False","","","False","True","unconfirmed","manual review required"
"comedy-collection","Rock-a-Bye Baby (1958).mp4","Rock-a-Bye Baby","1958","False","","","False","True","unconfirmed","manual review required"
"comedy-collection","Romancing The Stone (1984).mp4","Romancing The Stone","1984","False","","","False","True","unconfirmed","manual review required"
"comedy-collection","Roofman • (Dark Comedy-Romance, Period Drama, Biography) (2025).mp4","Roofman • (Dark Comedy-Romance, Period Drama, Biography","2025","False","","","False","True","unconfirmed","manual review required"
"comedy-collection","Rush.Hour.1998.1080p.BluRay.x264.AAC5.1-[YTS.MX].mp4","Rush Hour","1998","False","","","False","True","unconfirmed","manual review required"
"comedy-collection","Rush.Hour.2.2001.1080p.BluRay.x264.YIFY.mp4","Rush Hour 2","2001","False","","","False","True","unconfirmed","manual review required"
"comedy-collection","Rush.Hour.3.2007.1080p.BluRay.x264.AAC5.1-[YTS.MX].mp4","Rush Hour 3","2007","False","","","False","True","unconfirmed","manual review required"
"comedy-collection","Rushmore (1998).mp4","Rushmore","1998","False","","","False","True","unconfirmed","manual review required"
"comedy-collection","SLC Punk (1998).ia.mp4","SLC Punk","1998","False","","","False","True","unconfirmed","manual review required"
"comedy-collection","SUMMER MAGIC.1963.mp4","SUMMER MAGIC","1963","False","","","False","True","unconfirmed","manual review required"
"comedy-collection","Satan Met A Lady.ia.mp4","Satan Met A Lady ia","","False","","","False","True","unconfirmed","manual review required"
"comedy-collection","Secrets & Lies (1996).mp4","Secrets & Lies","1996","False","","","False","True","unconfirmed","manual review required"
"comedy-collection","Send Me No Flowers (1964).mp4","Send Me No Flowers","1964","False","","","False","True","unconfirmed","manual review required"
"comedy-collection","Shanghai.Knights.2003.1080p.BrRip.x264.YIFY.mp4","Shanghai Knights","2003","False","","","False","True","unconfirmed","manual review required"
"comedy-collection","Shanghai.Noon.2000.1080p.BluRay.x264-[YTS.AM].mp4","Shanghai Noon","2000","False","","","False","True","unconfirmed","manual review required"
"comedy-collection","Sin Takes a Holiday (1930).mp4","Sin Takes a Holiday","1930","False","","","False","True","unconfirmed","manual review required"
"comedy-collection","Skywatch (1960).webm","Skywatch","1960","False","","","False","True","unconfirmed","manual review required"
"comedy-collection","Something Wild (1986).mp4","Something Wild","1986","False","","","False","True","unconfirmed","manual review required"
"comedy-collection","Stage  Door (1937).mp4","Stage  Door","1937","False","","","False","True","unconfirmed","manual review required"
"comedy-collection","Stalag 17 (1953).mp4","Stalag 17","1953","False","","","False","True","unconfirmed","manual review required"
"comedy-collection","Storm.In.A.Teacup.1937.720p.BluRay.x264-[YTS.AM].mp4","Storm In A Teacup","1937","False","","","False","True","unconfirmed","manual review required"
"comedy-collection","Strangers with Candy (2005).mp4","Strangers with Candy","2005","False","","","False","True","unconfirmed","manual review required"
"comedy-collection","Stripes (1981).mp4","Stripes","1981","False","","","False","True","unconfirmed","manual review required"
"comedy-collection","Support Your Local Sheriff! (1969).mp4","Support Your Local Sheriff!","1969","False","","","False","True","unconfirmed","manual review required"
"comedy-collection","Susan Slept Here (1954).mp4","Susan Slept Here","1954","False","","","False","True","unconfirmed","manual review required"
"comedy-collection","THE LOVE BUG (1968).mp4","THE LOVE BUG","1968","False","","","False","True","unconfirmed","manual review required"
"comedy-collection","The Addams Family (2019).mp4","The Addams Family","2019","False","","","False","True","unconfirmed","manual review required"
"comedy-collection","The Anniversary (1968) COMEDY _DRAMA 1080P .mp4","The Anniversary","1968","False","","","False","True","unconfirmed","manual review required"
"comedy-collection","The Bad News Bears (1976).mp4","The Bad News Bears","1976","False","","","False","True","unconfirmed","manual review required"
"comedy-collection","The Battle of the Sexes (1960).mp4","The Battle of the Sexes","1960","False","","","False","True","unconfirmed","manual review required"
"comedy-collection","The Bellboy (1960).mp4","The Bellboy","1960","False","","","False","True","unconfirmed","manual review required"
"comedy-collection","The Big Hit (1998) (Action, Dark Comedy, Crime, Thriller ).mp4","The Big Hit","1998","False","","","False","True","unconfirmed","manual review required"
"comedy-collection","The Big Picture (1989).mp4","The Big Picture","1989","False","","","False","True","unconfirmed","manual review required"
"comedy-collection","The Card (1952).mp4","The Card","1952","False","","","False","True","unconfirmed","manual review required"
"comedy-collection","The Devil Is a woman (1935) .mp4","The Devil Is a woman","1935","False","","","False","True","unconfirmed","manual review required"
"comedy-collection","The Devil Wears Prada (2006)- Anne Hathaway, Meryl Streep, Adrian Grenier.mp4","The Devil Wears Prada","2006","False","","","False","True","unconfirmed","manual review required"
"comedy-collection","The Devil and Miss Jones (1941).mp4","The Devil and Miss Jones","1941","False","","","False","True","unconfirmed","manual review required"
"comedy-collection","The Drama (2026).mp4","The Drama","2026","False","","","False","True","unconfirmed","manual review required"
"comedy-collection","The Grand Budapest Hotel (2014).mp4","The Grand Budapest Hotel","2014","False","","","False","True","unconfirmed","manual review required"
"comedy-collection","The Great American Broadcast (1941) John Payne, Alice Faye, Cesar Romero.mp4","The Great American Broadcast","1941","False","","","False","True","unconfirmed","manual review required"
"comedy-collection","The Haunted Cop Shop (1987) (Subs), Rare..mp4","The Haunted Cop Shop","1987","False","","","False","True","unconfirmed","manual review required"
"comedy-collection","The Honey Pot (1967).mp4","The Honey Pot","1967","False","","","False","True","unconfirmed","manual review required"
"comedy-collection","The Horn Blows at Midnight (1945) Jack Benny, Alexis Smith, Guy Kibbee and Reginald Gardiner.mp4","The Horn Blows at Midnight","1945","False","","","False","True","unconfirmed","manual review required"
"comedy-collection","The Ladies Man (1961).mp4","The Ladies Man","1961","False","","","False","True","unconfirmed","manual review required"
"comedy-collection","The Lady Is Willing (1942).mp4","The Lady Is Willing","1942","False","","","False","True","unconfirmed","manual review required"
"comedy-collection","The Marrying Kind (1952).ia.mp4","The Marrying Kind","1952","False","","","False","True","unconfirmed","manual review required"
"comedy-collection","The Naked Gun 2½ The Smell of Fear (1991).mp4","The Naked Gun 2½ The Smell of Fear","1991","False","","","False","True","unconfirmed","manual review required"
"comedy-collection","The Naked Gun From the Files of Police Squad! (1988).mp4","The Naked Gun From the Files of Police Squad!","1988","False","","","False","True","unconfirmed","manual review required"
"comedy-collection","The Peanut Butter Falcon (2019) Zack Gottsagen, Ann Pierce, Dakota Johnson, Bruce Dern, Shia LaBeouf.mp4","The Peanut Butter Falcon","2019","False","","","False","True","unconfirmed","manual review required"
"comedy-collection","The Philadelphia Story (1940).mp4","The Philadelphia Story","1940","False","","","False","True","unconfirmed","manual review required"
"comedy-collection","The Polka King (2017).mp4","The Polka King","2017","False","","","False","True","unconfirmed","manual review required"
"comedy-collection","The Producers (1967).mp4","The Producers","1967","False","","","False","True","unconfirmed","manual review required"
"comedy-collection","The Purple Rose of Cairo (1985).mp4","The Purple Rose of Cairo","1985","False","","","False","True","unconfirmed","manual review required"
"comedy-collection","The Reivers (1969).mp4","The Reivers","1969","False","","","False","True","unconfirmed","manual review required"
"comedy-collection","The Smiling Lieutenant (1931) [Maurice Chevalier, Claudette Colbert, Miriam Hopkins; Dir. Ernst Lubitsch; 720p].mp4","The Smiling Lieutenant","1931","False","","","False","True","unconfirmed","manual review required"
"comedy-collection","The Solid Gold Cadillac (1956).mp4","The Solid Gold Cadillac","1956","False","","","False","True","unconfirmed","manual review required"
"comedy-collection","The Stooge (1951).m4v","The Stooge","1951","False","","","False","True","unconfirmed","manual review required"
"comedy-collection","The Talk Of The Town (1942) - Cary Grant, Jean Arthur, Ronald Colman.mp4","The Talk Of The Town","1942","False","","","False","True","unconfirmed","manual review required"
"comedy-collection","The Trouble With Harry (1955).mp4","The Trouble With Harry","1955","False","","","False","True","unconfirmed","manual review required"
"comedy-collection","The Twelve Chairs (1970) Mel Brooks.mp4","The Twelve Chairs","1970","False","","","False","True","unconfirmed","manual review required"
"comedy-collection","The War Of The Roses (1989).mp4","The War Of The Roses","1989","False","","","False","True","unconfirmed","manual review required"
"comedy-collection","The Whole Town's Talking (1935).mp4","The Whole Town's Talking","1935","False","","","False","True","unconfirmed","manual review required"
"comedy-collection","The Woman In Red (1935).mp4","The Woman In Red","1935","False","","","False","True","unconfirmed","manual review required"
"comedy-collection","The. Hitmans. Wife's. Bodyguard.  (2021).mp4","The  Hitmans  Wife's  Bodyguard","2021","False","","","False","True","unconfirmed","manual review required"
"comedy-collection","The.Apartment. (1960).mp4","The Apartment","1960","False","","","False","True","unconfirmed","manual review required"
"comedy-collection","The.Birdcage.1996.1080p.BluRay.x264-[YTS.AM].mp4","The Birdcage","1996","False","","","False","True","unconfirmed","manual review required"
"comedy-collection","The.Devil.Wears.Prada.2.2026.1080p.WEBRip.x265.10bit.AAC5.1-[YTS.GG - YTS.BZ].mp4","The Devil Wears Prada 2","2026","False","","","False","True","unconfirmed","manual review required"
"comedy-collection","The.Goose.Steps.Out.1942.1080p.BluRay.x264-[YTS.AG].mp4","The Goose Steps Out","1942","False","","","False","True","unconfirmed","manual review required"
"comedy-collection","The.Legend.of.Drunken.Master.1994.720p.BRRip.XviD-SHiRK.mp4","The Legend of Drunken Master","1994","False","","","False","True","unconfirmed","manual review required"
"comedy-collection","The.Man.From.Nowhere (DUB) .2010.1080p.BRrip.x264.GAZ.YIFY.mp4","The Man From Nowhere (DUB","2010","False","","","False","True","unconfirmed","manual review required"
"comedy-collection","The.Onion.Movie.2008.1080p.mp4","The Onion Movie","2008","False","","","False","True","unconfirmed","manual review required"
"comedy-collection","The.Wrecking.Crew.2026.1080p.WEBRip.x264.mp4","The Wrecking Crew","2026","False","","","False","True","unconfirmed","manual review required"
"comedy-collection","The_Sheep_Detectives (2026).mp4","The Sheep Detectives","2026","False","","","False","True","unconfirmed","manual review required"
"comedy-collection","There's Nothing Out There! (1991).mp4","There's Nothing Out There!","1991","False","","","False","True","unconfirmed","manual review required"
"comedy-collection","They.Call.Me.Trinity.1970.720p.BluRay.x264-[YTS.AM].mp4","They Call Me Trinity","1970","False","","","False","True","unconfirmed","manual review required"
"comedy-collection","This Is Spinal Tap (1984).mp4","This Is Spinal Tap","1984","False","","","False","True","unconfirmed","manual review required"
"comedy-collection","To Be Or Not To Be (1983) Mel Brooks-.mp4","To Be Or Not To Be","1983","False","","","False","True","unconfirmed","manual review required"
"comedy-collection","Trouble Along the Way 1953.mp4","Trouble Along the Way","1953","False","","","False","True","unconfirmed","manual review required"
"comedy-collection","Twins 1988.mp4","Twins","1988","False","","","False","True","unconfirmed","manual review required"
"comedy-collection","Two Hands  (1999)• Heath Ledger, Bryan Brown, David Field, Rose Byrne.mp4","Two Hands","1999","False","","","False","True","unconfirmed","manual review required"
"comedy-collection","Uncle Buck (1989).mp4","Uncle Buck","1989","False","","","False","True","unconfirmed","manual review required"
"comedy-collection","Unfaithfully Yours (1948).m4v","Unfaithfully Yours","1948","False","","","False","True","unconfirmed","manual review required"
"comedy-collection","Up the River (1930) Spencer Tracy, Humphrey Bogart, Claire Luce.mp4","Up the River","1930","False","","","False","True","unconfirmed","manual review required"
"comedy-collection","V.I._Warshawski_1991.mp4","V I Warshawski","1991","False","","","False","True","unconfirmed","manual review required"
"comedy-collection","ViVacious Lady (1938) James Stewart, Ginger Rogers, James Ellison, Charles Coburn.mp4","ViVacious Lady","1938","False","","","False","True","unconfirmed","manual review required"
"comedy-collection","Wag the Dog (1997) - Copy.mp4","Wag the Dog","1997","False","","","False","True","unconfirmed","manual review required"
"comedy-collection","Wedding.Crashers.2005.BRRip.x264.YIFY.mkv","Wedding Crashers","2005","True","Wedding Crashers","2005","True","False","unconfirmed","manual review required"
"comedy-collection","What Women Want • Mel Gibson, Helen Hunt, Marisa Tomei (2000).mp4","What Women Want • Mel Gibson, Helen Hunt, Marisa Tomei","2000","False","","","False","True","unconfirmed","manual review required"
"comedy-collection","What's New Pussycat (1965).mp4","What's New Pussycat","1965","False","","","False","True","unconfirmed","manual review required"
"comedy-collection","White.Men.Cant.Jump.1992.UNRATED.1080p.BluRay.x264.anoXmous_.mp4","White Men Cant Jump","1992","False","","","False","True","unconfirmed","manual review required"
"comedy-collection","Whoopee! (1930).mp4","Whoopee!","1930","False","","","False","True","unconfirmed","manual review required"
"comedy-collection","Woman of the Year.(1942)🏆.mp4","Woman of the Year","1942","False","","","False","True","unconfirmed","manual review required"
"comedy-collection","Yankee Doodle Daffy (1943).mp4","Yankee Doodle Daffy","1943","False","","","False","True","unconfirmed","manual review required"
"comedy-collection","You Can't Take It with You (1938) Jean Arthur, James Stewart, Lionel Barrymore.mp4","You Can't Take It with You","1938","False","","","False","True","unconfirmed","manual review required"
"comedy-collection","You Can't Win 'Em All (1970).mp4","You Can't Win 'Em All","1970","False","","","False","True","unconfirmed","manual review required"
"comedy-collection","Youve.Got.Mail.1998.720p.BrRip.x264.YIFY.mp4","Youve Got Mail","1998","False","","","False","True","unconfirmed","manual review required"
