"source_index","file_name","inferred_title","filename_year","catalog_title","catalog_year","editorial_decision","channel_candidate","browser_video_format","rights_status","note"
"1","04 SANDLOT (1993).mp4","SANDLOT","1993","","","candidate_rights_pending","beyond-family","True","unconfirmed","Recognizable audience fit; source title and film rights must be confirmed before public playback."
"2","11.14.2003.mp4","14 2003","2003","","","defer_low_priority","","True","unconfirmed","Not selected for the current audience; review if tastes or source rights change."
"3","13 Going on 30 (2004).mp4","Going on 30","2004","","","candidate_rights_pending","beyond-comedy","True","unconfirmed","Recognizable audience fit; source title and film rights must be confirmed before public playback."
"4","1945 Hollywood Victory Caravan 720p-Bogart, Hope, Crosby, Hutton.mp4","1945 Hollywood Victory Caravan 720p-Bogart, Hope, Crosby, Hutton","1945","","","defer_low_priority","","True","unconfirmed","Not selected for the current audience; review if tastes or source rights change."
"5","1957-2. The Pajama Game.mp4","1957-2  The Pajama Game","1957","","","defer_low_priority","","True","unconfirmed","Not selected for the current audience; review if tastes or source rights change."
"6","1987. Hannah and Her Sisters.mp4","1987  Hannah and Her Sisters","1987","","","defer_low_priority","","True","unconfirmed","Not selected for the current audience; review if tastes or source rights change."
"7","8U9N7-EN-1080.mp4","8U9N7-EN-1080","","","","hold_metadata_review","","True","unconfirmed","Filename or 2026 release claim needs independent title and edition confirmation."
"8","A Countess from Hong Kong (1967)🔹.mp4","A Countess from Hong Kong","1967","","","defer_low_priority","","True","unconfirmed","Not selected for the current audience; review if tastes or source rights change."
"9","A Day At The Zoo 1939.mp4","A Day At The Zoo","1939","","","defer_low_priority","","True","unconfirmed","Not selected for the current audience; review if tastes or source rights change."
"10","A Million Ways to Die in the West (2014).mp4","A Million Ways to Die in the West","2014","","","candidate_rights_pending","beyond-comedy","True","unconfirmed","Recognizable audience fit; source title and film rights must be confirmed before public playback."
"11","A Stitch in Time (1963).mp4","A Stitch in Time","1963","","","defer_low_priority","","True","unconfirmed","Not selected for the current audience; review if tastes or source rights change."
"12","A.Fish.Called.Wanda.1988.720p.BRRip.x264-x0r.mkv","A Fish Called Wanda","1988","","","defer_browser_format","","False","unconfirmed","Original file is not a standard browser video format."
"13","A.Foreign.Affair.1948.720p.BluRay.x264-[YTS.AG].mp4","A Foreign Affair","1948","","","defer_low_priority","","True","unconfirmed","Not selected for the current audience; review if tastes or source rights change."
"14","A.Life.Less.Ordinary.1997.720p.BluRay.x264-[YTS.AG].mp4","A Life Less Ordinary","1997","","","defer_low_priority","","True","unconfirmed","Not selected for the current audience; review if tastes or source rights change."
"15","A.Man.Called.Otto.2022.720p.BluRay.x264.AAC-[YTS.MX].mp4","A Man Called Otto","2022","","","candidate_rights_pending","classic-cinema","True","unconfirmed","Recognizable audience fit; source title and film rights must be confirmed before public playback."
"16","A.n.o.r.a.2024.2160p.mp4","A n o r a","2024","","","candidate_rights_pending","classic-cinema","True","unconfirmed","Recognizable audience fit; source title and film rights must be confirmed before public playback."
"17","Abbott and Costello in the Foreign Legion (1950).ia.mp4","Abbott and Costello in the Foreign Legion","1950","","","defer_low_priority","","True","unconfirmed","Not selected for the current audience; review if tastes or source rights change."
"18","Absolutely Anything (2015) 720p; Simon Pegg, Kate Beckinsale.mp4","Absolutely Anything","2015","","","candidate_rights_pending","beyond-comedy","True","unconfirmed","Recognizable audience fit; source title and film rights must be confirmed before public playback."
"19","Ace High (1968).mp4","Ace High","1968","","","defer_low_priority","","True","unconfirmed","Not selected for the current audience; review if tastes or source rights change."
"20","After the Sunset (2004).mp4","After the Sunset","2004","","","candidate_rights_pending","classic-cinema","True","unconfirmed","Recognizable audience fit; source title and film rights must be confirmed before public playback."
"21","Alexander's Ragtime Band (1938) Alice Faye.mp4","Alexander's Ragtime Band","1938","","","defer_low_priority","","True","unconfirmed","Not selected for the current audience; review if tastes or source rights change."
"22","Alice Adams (1935).mp4","Alice Adams","1935","","","defer_low_priority","","True","unconfirmed","Not selected for the current audience; review if tastes or source rights change."
"23","Alice's Restaurant (1969).mp4","Alice's Restaurant","1969","","","defer_low_priority","","True","unconfirmed","Not selected for the current audience; review if tastes or source rights change."
"24","Alive And Kicking (1958).webm","Alive And Kicking","1958","","","defer_low_priority","","True","unconfirmed","Not selected for the current audience; review if tastes or source rights change."
"25","All Over the Town 1949.mp4","All Over the Town","1949","","","defer_low_priority","","True","unconfirmed","Not selected for the current audience; review if tastes or source rights change."
"26","Angel Who Pawned Her Harp, The 1954.mp4","Angel Who Pawned Her Harp, The","1954","","","defer_low_priority","","True","unconfirmed","Not selected for the current audience; review if tastes or source rights change."
"27","Angel on my Shoulder (1946) 720p.mp4","Angel on my Shoulder","1946","","","defer_low_priority","","True","unconfirmed","Not selected for the current audience; review if tastes or source rights change."
"28","As Young as You Feel (1951) Marilyn Monroe.mp4","As Young as You Feel","1951","","","defer_low_priority","","True","unconfirmed","Not selected for the current audience; review if tastes or source rights change."
"29","Asteroid City (2023).mp4","Asteroid City","2023","","","candidate_rights_pending","classic-cinema","True","unconfirmed","Recognizable audience fit; source title and film rights must be confirmed before public playback."
"30","Auntie Mame (1958).m4v","Auntie Mame","1958","","","defer_low_priority","","True","unconfirmed","Not selected for the current audience; review if tastes or source rights change."
"31","B.a.r.b.i.e.23.ia[1].mp4","B a r b i e 23 ia[1","","","","hold_metadata_review","","True","unconfirmed","Filename or 2026 release claim needs independent title and edition confirmation."
"32","Babylon (2022).mp4","Babylon","2022","","","candidate_rights_pending","classic-cinema","True","unconfirmed","Recognizable audience fit; source title and film rights must be confirmed before public playback."
"33","Be.Kind.Rewind.2008.mp4","Be Kind Rewind","2008","","","candidate_rights_pending","beyond-comedy","True","unconfirmed","Recognizable audience fit; source title and film rights must be confirmed before public playback."
"34","Before We Go (2014).mp4","Before We Go","2014","","","defer_low_priority","","True","unconfirmed","Not selected for the current audience; review if tastes or source rights change."
"35","Bernie (2011).mp4","Bernie","2011","","","candidate_rights_pending","beyond-comedy","True","unconfirmed","Recognizable audience fit; source title and film rights must be confirmed before public playback."
"36","Better Nate Than Ever (2022) •  Rueby Wood, Joshua Bassett, Aria Brooks.ia.mp4","Better Nate Than Ever","2022","","","candidate_rights_pending","beyond-family","True","unconfirmed","Recognizable audience fit; source title and film rights must be confirmed before public playback."
"37","Billy_roses.jumbo.1962.1080p.bluray.x264.aac5.1-_yts.mx.mp4","Billy roses jumbo","1962","","","defer_low_priority","","True","unconfirmed","Not selected for the current audience; review if tastes or source rights change."
"38","Blast from the Past (1999)• Brendan Fraser, Alicia Silverstone, Christopher Walken, Sissy Spacek.mp4","Blast from the Past","1999","","","candidate_rights_pending","beyond-comedy","True","unconfirmed","Recognizable audience fit; source title and film rights must be confirmed before public playback."
"39","Blazing Saddles (1974).mp4","Blazing Saddles","1974","","","candidate_rights_pending","beyond-comedy","True","unconfirmed","Recognizable audience fit; source title and film rights must be confirmed before public playback."
"40","Bleak Moments (1971).mp4","Bleak Moments","1971","","","defer_low_priority","","True","unconfirmed","Not selected for the current audience; review if tastes or source rights change."
"41","Bottle.Rocket.1996.mp4","Bottle Rocket","1996","","","candidate_rights_pending","beyond-comedy","True","unconfirmed","Recognizable audience fit; source title and film rights must be confirmed before public playback."
"42","Breaking Away (1979) PJ Soles.mp4","Breaking Away","1979","","","defer_low_priority","","True","unconfirmed","Not selected for the current audience; review if tastes or source rights change."
"43","Bringing Up Baby 1938.mp4","Bringing Up Baby","1938","","","defer_low_priority","","True","unconfirmed","Not selected for the current audience; review if tastes or source rights change."
"44","CAPTAIN_NEWMAN_MD (1963).mp4","CAPTAIN NEWMAN MD","1963","","","defer_low_priority","","True","unconfirmed","Not selected for the current audience; review if tastes or source rights change."
"45","Charlie's Angels (2000).mp4","Charlie's Angels","2000","","","candidate_rights_pending","classic-cinema","True","unconfirmed","Recognizable audience fit; source title and film rights must be confirmed before public playback."
"46","Cheaper By The Dozen (1950)- Clifton Webb, Myrna Loy, Jeanne Crain.mp4","Cheaper By The Dozen","1950","","","defer_low_priority","","True","unconfirmed","Not selected for the current audience; review if tastes or source rights change."
"47","Cirque Du Freak The Vampire's Assistant (2009).mp4","Cirque Du Freak The Vampire's Assistant","2009","","","candidate_rights_pending","beyond-after-dark","True","unconfirmed","Recognizable audience fit; source title and film rights must be confirmed before public playback."
"48","Click (2006).mp4","Click","2006","Click","2006","already_in_catalog","","True","unconfirmed","Same film release already has a catalog entry; do not duplicate."
"49","Come to the Stable (1949).mp4","Come to the Stable","1949","","","defer_low_priority","","True","unconfirmed","Not selected for the current audience; review if tastes or source rights change."
"50","Counsellor At Law (1933) ⭐⭐⭐⭐ John Barrymore, Bebe Daniels, Melvyn Douglas.mp4","Counsellor At Law","1933","","","defer_low_priority","","True","unconfirmed","Not selected for the current audience; review if tastes or source rights change."
"51","Daddy's Home (2015).mp4","Daddy's Home","2015","","","candidate_rights_pending","beyond-comedy","True","unconfirmed","Recognizable audience fit; source title and film rights must be confirmed before public playback."
"52","Daddy's Home 2 (2017).mp4","Daddy's Home 2","2017","","","candidate_rights_pending","beyond-comedy","True","unconfirmed","Recognizable audience fit; source title and film rights must be confirmed before public playback."
"53","Danger – Love at Work (1937).mp4","Danger – Love at Work","1937","","","defer_low_priority","","True","unconfirmed","Not selected for the current audience; review if tastes or source rights change."
"54","Dazed.And.Confused.1993.1080p.BluRay.x264.AAC5.1-[YTS.MX].mp4","Dazed And Confused","1993","","","candidate_rights_pending","classic-cinema","True","unconfirmed","Recognizable audience fit; source title and film rights must be confirmed before public playback."
"55","Diary of a Wimpy Kid (2010).mp4","Diary of a Wimpy Kid","2010","","","candidate_rights_pending","beyond-family","True","unconfirmed","Recognizable audience fit; source title and film rights must be confirmed before public playback."
"56","Diner (1982).mp4","Diner","1982","","","defer_low_priority","","True","unconfirmed","Not selected for the current audience; review if tastes or source rights change."
"57","Doc Hollywood (1991).mp4","Doc Hollywood ","1991","","","candidate_rights_pending","beyond-comedy","True","unconfirmed","Recognizable audience fit; source title and film rights must be confirmed before public playback."
"58","Dogma.1999.1080p.BrRip.x264.BOKUTOX.YIFY (2024_05_05 18_08_38 UTC).mp4","Dogma","1999","","","candidate_rights_pending","beyond-comedy","True","unconfirmed","Recognizable audience fit; source title and film rights must be confirmed before public playback."
"59","Don't.Be.A.Menace.To.South.Central.While.Drinking.Your.Juice.In.The.Hood.1996.1080p.BluRay.x264-[YTS.AG].mp4","Don't Be A Menace To South Central While Drinking Your Juice In The Hood","1996","","","candidate_rights_pending","beyond-comedy","True","unconfirmed","Recognizable audience fit; source title and film rights must be confirmed before public playback."
"60","Double Bunk (1961).webm","Double Bunk","1961","","","defer_low_priority","","True","unconfirmed","Not selected for the current audience; review if tastes or source rights change."
"61","Down.To.Earth.1947.mp4","Down To Earth","1947","","","defer_low_priority","","True","unconfirmed","Not selected for the current audience; review if tastes or source rights change."
"62","Dumbo HD (1941).mp4","Dumbo HD","1941","","","defer_low_priority","","True","unconfirmed","Not selected for the current audience; review if tastes or source rights change."
"63","Elf (2003).mp4","Elf","2003","Elf","2003","already_in_catalog","","True","unconfirmed","Same film release already has a catalog entry; do not duplicate."
"64","Eurotrip (2004) 1080p.BluRay.x264.AAC5.1-[YTS.MX].mp4","Eurotrip","2004","","","candidate_rights_pending","beyond-comedy","True","unconfirmed","Recognizable audience fit; source title and film rights must be confirmed before public playback."
"65","Fallen Angels (1995) (Sub).mp4","Fallen Angels","1995","","","defer_language","","True","unconfirmed","Subtitled or non-English version conflicts with the current English-first preference."
"66","Fashions of 1934 (1934) DVD.1080p.AC2.0.x264.mp4","Fashions of","1934","","","defer_low_priority","","True","unconfirmed","Not selected for the current audience; review if tastes or source rights change."
"67","Father Goose (1964)(NR).mp4","Father Goose","1964","","","defer_low_priority","","True","unconfirmed","Not selected for the current audience; review if tastes or source rights change."
"68","Finding Emily 2026.mp4","Finding Emily","2026","","","hold_metadata_review","","True","unconfirmed","Filename or 2026 release claim needs independent title and edition confirmation."
"69","Fly Me to the Moon (2024).mp4","Fly Me to the Moon","2024","","","candidate_rights_pending","beyond-comedy","True","unconfirmed","Recognizable audience fit; source title and film rights must be confirmed before public playback."
"70","Genevieve (1953) .webm","Genevieve","1953","","","defer_low_priority","","True","unconfirmed","Not selected for the current audience; review if tastes or source rights change."
"71","Get Shorty (1995) ★ Gene Hackman, John Travolta, Rene Russo, Danny DeVito.mp4","Get Shorty","1995","","","candidate_rights_pending","beyond-comedy","True","unconfirmed","Recognizable audience fit; source title and film rights must be confirmed before public playback."
"72","Good Morning Vietnam (1987).mp4","Good Morning Vietnam","1987","Good Morning, Vietnam","1987","already_in_catalog","","True","unconfirmed","Same film release already has a catalog entry; do not duplicate."
"73","Groundhog Day (1993).mp4","Groundhog Day","1993","","","candidate_rights_pending","beyond-comedy","True","unconfirmed","Recognizable audience fit; source title and film rights must be confirmed before public playback."
"74","Guarding Tess (1994).mp4","Guarding Tess","1994","","","candidate_rights_pending","beyond-comedy","True","unconfirmed","Recognizable audience fit; source title and film rights must be confirmed before public playback."
"75","Happiness (1998).mp4","Happiness","1998","","","defer_low_priority","","True","unconfirmed","Not selected for the current audience; review if tastes or source rights change."
"76","Heathers (1988).mp4","Heathers","1988","","","candidate_rights_pending","beyond-after-dark","True","unconfirmed","Recognizable audience fit; source title and film rights must be confirmed before public playback."
"77","High Anxiety (1977) Mel Brooks, Madeleine Kahn, Cloris Leachman.mp4","High Anxiety","1977","","","defer_low_priority","","True","unconfirmed","Not selected for the current audience; review if tastes or source rights change."
"78","Holes (2003).mp4","Holes","2003","","","candidate_rights_pending","beyond-family","True","unconfirmed","Recognizable audience fit; source title and film rights must be confirmed before public playback."
"79","How To Marry a Millionaire (1953).mp4","How To Marry a Millionaire","1953","","","defer_low_priority","","True","unconfirmed","Not selected for the current audience; review if tastes or source rights change."
"80","How to Beat the High Cost of Living (1980).mp4","How to Beat the High Cost of Living","1980","","","defer_low_priority","","True","unconfirmed","Not selected for the current audience; review if tastes or source rights change."
"81","How to Marry a Millionaire 1953 BDRip 1080p DTS multisub HighCode.mp4","How to Marry a Millionaire","1953","","","duplicate_or_alternate_file","","True","unconfirmed","Another copy or cut of this title is represented in this source item."
"82","Hue and Cry (1947).mp4","Hue and Cry","1947","","","defer_low_priority","","True","unconfirmed","Not selected for the current audience; review if tastes or source rights change."
"83","Hustle (2022).mp4","Hustle","2022","","","candidate_rights_pending","classic-cinema","True","unconfirmed","Recognizable audience fit; source title and film rights must be confirmed before public playback."
"84","I Heart Huckabees (2004).mp4","I Heart Huckabees","2004","","","candidate_rights_pending","beyond-comedy","True","unconfirmed","Recognizable audience fit; source title and film rights must be confirmed before public playback."
"85","Idiot's Delight (1939) Norma Shearer, Clark Gable, Clarence Brown.mp4","Idiot's Delight","1939","","","defer_low_priority","","True","unconfirmed","Not selected for the current audience; review if tastes or source rights change."
"86","Ingrid.Goes.West.2017.720p.BluRay.x264-[YTS.AG].mp4","Ingrid Goes West","2017","","","candidate_rights_pending","beyond-comedy","True","unconfirmed","Recognizable audience fit; source title and film rights must be confirmed before public playback."
"87","It Happened Tomorrow (1944-HD).mp4","It Happened Tomorrow","1944","","","defer_low_priority","","True","unconfirmed","Not selected for the current audience; review if tastes or source rights change."
"88","It's A Great Feeling (1949).mp4","It's A Great Feeling","1949","","","defer_low_priority","","True","unconfirmed","Not selected for the current audience; review if tastes or source rights change."
"89","Jawbreaker (1999).mp4","Jawbreaker","1999","","","candidate_rights_pending","beyond-after-dark","True","unconfirmed","Recognizable audience fit; source title and film rights must be confirmed before public playback."
"90","Jewel Of the Nile (1985).mp4","Jewel Of the Nile","1985","","","candidate_rights_pending","classic-cinema","True","unconfirmed","Recognizable audience fit; source title and film rights must be confirmed before public playback."
"91","Joe. Versus. The. Volcano. (1990) Tom Hanks.mp4","Joe  Versus  The  Volcano","1990","","","candidate_rights_pending","beyond-comedy","True","unconfirmed","Recognizable audience fit; source title and film rights must be confirmed before public playback."
"92","Johnny.Dangerously.1984.1080p.mp4","Johnny Dangerously","1984","","","candidate_rights_pending","beyond-comedy","True","unconfirmed","Recognizable audience fit; source title and film rights must be confirmed before public playback."
"93","Kung Fu Hustle 2004 1080P (Subs).mp4","Kung Fu Hustle","2004","","","duplicate_or_alternate_file","","True","unconfirmed","Another copy or cut of this title is represented in this source item."
"94","Kung Fu Hustle 2004.720p (Dub).mp4","Kung Fu Hustle","2004","","","candidate_rights_pending","beyond-comedy","True","unconfirmed","Recognizable audience fit; source title and film rights must be confirmed before public playback."
"95","Lady Godiva Rides Again (1951) Diana Dors.mp4","Lady Godiva Rides Again","1951","","","defer_low_priority","","True","unconfirmed","Not selected for the current audience; review if tastes or source rights change."
"96","Larceny Inc (1942) Comedy.mp4","Larceny Inc","1942","","","defer_low_priority","","True","unconfirmed","Not selected for the current audience; review if tastes or source rights change."
"97","Lars and the Real Girl 2007.mp4","Lars and the Real Girl","2007","","","candidate_rights_pending","beyond-comedy","True","unconfirmed","Recognizable audience fit; source title and film rights must be confirmed before public playback."
"98","Legendary Weapons of China (1982) (En Sub).mp4","Legendary Weapons of China","1982","","","defer_language","","True","unconfirmed","Subtitled or non-English version conflicts with the current English-first preference."
"99","Licorice.Pizza.2021.1080p.WEBRip.x264.AAC5.1-[YTS.MX].mp4","Licorice Pizza","2021","","","candidate_rights_pending","classic-cinema","True","unconfirmed","Recognizable audience fit; source title and film rights must be confirmed before public playback."
"100","Love Me or Leave Me (1955).mp4","Love Me or Leave Me","1955","","","defer_low_priority","","True","unconfirmed","Not selected for the current audience; review if tastes or source rights change."
"101","Madam Satan (1930).mp4","Madam Satan","1930","","","defer_low_priority","","True","unconfirmed","Not selected for the current audience; review if tastes or source rights change."
"102","Man.On.The.Moon.1999.mp4","Man On The Moon","1999","","","candidate_rights_pending","classic-cinema","True","unconfirmed","Recognizable audience fit; source title and film rights must be confirmed before public playback."
"103","Mans.Favorite.Sport.1964.1080p.BluRay.H264.AAC-RARBG.mp4","Mans Favorite Sport","1964","","","defer_low_priority","","True","unconfirmed","Not selected for the current audience; review if tastes or source rights change."
"104","Mary Poppins Returns (2018).mp4","Mary Poppins Returns","2018","Mary Poppins Returns","2018","already_in_catalog","","True","unconfirmed","Same film release already has a catalog entry; do not duplicate."
"105","Mean.Girls.2024.720p.mp4","Mean Girls","2024","Mean Girls","2004","candidate_rights_pending","beyond-comedy","True","unconfirmed","Recognizable audience fit; source title and film rights must be confirmed before public playback."
"106","Mel Brook's 'Silent Movie'(1976) • ( Mel Brooks, Marty Feldman, Dom DeLuise.mp4","Mel Brook's 'Silent Movie'","1976","","","defer_low_priority","","True","unconfirmed","Not selected for the current audience; review if tastes or source rights change."
"107","Memoirs.Of.An.Invisible.Man.1992.720p .mp4","Memoirs Of An Invisible Man","1992","","","candidate_rights_pending","beyond-comedy","True","unconfirmed","Recognizable audience fit; source title and film rights must be confirmed before public playback."
"108","Merrily We Go To Hell -Dorothy Arzner (1932).m4v","Merrily We Go To Hell -Dorothy Arzner","1932","","","defer_low_priority","","True","unconfirmed","Not selected for the current audience; review if tastes or source rights change."
"109","Miranda (1948) B&W.mp4","Miranda","1948","","","defer_low_priority","","True","unconfirmed","Not selected for the current audience; review if tastes or source rights change."
"110","Mister Lonely (2007).mp4","Mister Lonely","2007","","","defer_low_priority","","True","unconfirmed","Not selected for the current audience; review if tastes or source rights change."
"111","Moonrise Kingdom  (2012) •  Jared Gilman, Kara Hayward, Bruce Willis.mp4","Moonrise Kingdom","2012","","","candidate_rights_pending","beyond-comedy","True","unconfirmed","Recognizable audience fit; source title and film rights must be confirmed before public playback."
"112","Move Over, Darling (1963)(NR).mp4","Move Over, Darling","1963","","","defer_low_priority","","True","unconfirmed","Not selected for the current audience; review if tastes or source rights change."
"113","Mr Deeds (2002).mp4","Mr Deeds","2002","","","candidate_rights_pending","beyond-comedy","True","unconfirmed","Recognizable audience fit; source title and film rights must be confirmed before public playback."
"114","Mr. & Mrs. Smith (1941).mp4","Mr  & Mrs  Smith","1941","","","defer_low_priority","","True","unconfirmed","Not selected for the current audience; review if tastes or source rights change."
"115","Murder Ahoy! (1964).mp4","Murder Ahoy!","1964","","","defer_low_priority","","True","unconfirmed","Not selected for the current audience; review if tastes or source rights change."
"116","Murder She Said (1961).mp4","Murder She Said","1961","","","defer_low_priority","","True","unconfirmed","Not selected for the current audience; review if tastes or source rights change."
"117","Murder by Death (1976).mp4","Murder by Death","1976","","","defer_low_priority","","True","unconfirmed","Not selected for the current audience; review if tastes or source rights change."
"118","Murder.Most.Foul.1964.mp4","Murder Most Foul","1964","","","defer_low_priority","","True","unconfirmed","Not selected for the current audience; review if tastes or source rights change."
"119","Murder.at.the.Gallop.1963.mp4","Murder at the Gallop","1963","","","defer_low_priority","","True","unconfirmed","Not selected for the current audience; review if tastes or source rights change."
"120","Murderer's Row.1966.mp4","Murderer's Row","1966","","","defer_low_priority","","True","unconfirmed","Not selected for the current audience; review if tastes or source rights change."
"121","My Sister Eileen (1955).mp4","My Sister Eileen","1955","","","defer_low_priority","","True","unconfirmed","Not selected for the current audience; review if tastes or source rights change."
"122","My Six Loves (1963).mp4","My Six Loves","1963","","","defer_low_priority","","True","unconfirmed","Not selected for the current audience; review if tastes or source rights change."
"123","Mystery Train (1989).mp4","Mystery Train","1989","","","defer_low_priority","","True","unconfirmed","Not selected for the current audience; review if tastes or source rights change."
"124","Never Give a Sucker an Even Break (1941).mp4","Never Give a Sucker an Even Break","1941","","","defer_low_priority","","True","unconfirmed","Not selected for the current audience; review if tastes or source rights change."
"125","Never on Sunday (1960) (Subs).mp4","Never on Sunday","1960","","","defer_language","","True","unconfirmed","Subtitled or non-English version conflicts with the current English-first preference."
"126","Night Nurse 1931.mp4","Night Nurse","1931","","","defer_low_priority","","True","unconfirmed","Not selected for the current audience; review if tastes or source rights change."
"127","No.Hard.Feelings.2023.720p.BluRay.x264.AAC-[YTS.MX].mp4","No Hard Feelings","2023","","","candidate_rights_pending","beyond-comedy","True","unconfirmed","Recognizable audience fit; source title and film rights must be confirmed before public playback."
"128","Novocaine  (2025)•  Jack Quaid, Amber Midthunder, Ray Nicholson.mp4","Novocaine","2025","","","candidate_rights_pending","classic-cinema","True","unconfirmed","Recognizable audience fit; source title and film rights must be confirmed before public playback."
"129","Panama Hattie 1942.mp4","Panama Hattie","1942","","","defer_low_priority","","True","unconfirmed","Not selected for the current audience; review if tastes or source rights change."
"130","People Will Talk (1951).mp4","People Will Talk","1951","","","defer_low_priority","","True","unconfirmed","Not selected for the current audience; review if tastes or source rights change."
"131","Pineapple Express (2008).mp4","Pineapple Express","2008","","","candidate_rights_pending","beyond-comedy","True","unconfirmed","Recognizable audience fit; source title and film rights must be confirmed before public playback."
"132","Play It Again, Sam (1972).mp4","Play It Again, Sam","1972","","","defer_low_priority","","True","unconfirmed","Not selected for the current audience; review if tastes or source rights change."
"133","Plaza Suite (1971) [HD].mp4","Plaza Suite","1971","","","defer_low_priority","","True","unconfirmed","Not selected for the current audience; review if tastes or source rights change."
"134","Police Story (1985) (Export Cut) (J. Chan) (EN Dub).mp4","Police Story","1985","","","candidate_rights_pending","classic-cinema","True","unconfirmed","Recognizable audience fit; source title and film rights must be confirmed before public playback."
"135","Police Story (1985) (Original Cut) (J.Chan) (EN Dub).mp4","Police Story","1985","","","duplicate_or_alternate_file","","True","unconfirmed","Another copy or cut of this title is represented in this source item."
"136","Practical Magic (1998) Sandra Bullock, Nicole Kidman, Stockard Channing.mp4","Practical Magic","1998","","","candidate_rights_pending","beyond-family","True","unconfirmed","Recognizable audience fit; source title and film rights must be confirmed before public playback."
"137","Radio Days (1987).mp4","Radio Days","1987","","","defer_low_priority","","True","unconfirmed","Not selected for the current audience; review if tastes or source rights change."
"138","Red Headed Woman - Jack Conway (1932).m4v","Red Headed Woman - Jack Conway","1932","","","defer_low_priority","","True","unconfirmed","Not selected for the current audience; review if tastes or source rights change."
"139","Remarkably.Bright.Creatures.2026.720p.WEBRip.x264.AAC-[YTS.BZ].mp4","Remarkably Bright Creatures","2026","","","hold_metadata_review","","True","unconfirmed","Filename or 2026 release claim needs independent title and edition confirmation."
"140","Restless.Natives .1080p.WEBRip.x264-RARBG.mp4","Restless Natives  1080p WEBRip x264-RARBG","","","","defer_low_priority","","True","unconfirmed","Not selected for the current audience; review if tastes or source rights change."
"141","Return Of The Pink Panther, The (1975).mp4","Return Of The Pink Panther, The","1975","","","candidate_rights_pending","beyond-comedy","True","unconfirmed","Recognizable audience fit; source title and film rights must be confirmed before public playback."
"142","Revenge Of The Pink Panther ~ 1978 - Free Download, Borrow, and Streaming - Internet Archive.mp4","Revenge Of The Pink Panther ~","1978","","","candidate_rights_pending","beyond-comedy","True","unconfirmed","Recognizable audience fit; source title and film rights must be confirmed before public playback."
"143","Rich and Strange (1931).mp4","Rich and Strange","1931","","","defer_low_priority","","True","unconfirmed","Not selected for the current audience; review if tastes or source rights change."
"144","Ride On-Jackie Chan (2023).mp4","Ride On-Jackie Chan","2023","","","candidate_rights_pending","classic-cinema","True","unconfirmed","Recognizable audience fit; source title and film rights must be confirmed before public playback."
"145","Rob-B-Hood (2006) -Jackie Chan.mp4","Rob-B-Hood","2006","","","candidate_rights_pending","classic-cinema","True","unconfirmed","Recognizable audience fit; source title and film rights must be confirmed before public playback."
"146","Robin_and_the_Seven_Hoods (1964) Best Copy.mp4","Robin and the Seven Hoods","1964","","","defer_low_priority","","True","unconfirmed","Not selected for the current audience; review if tastes or source rights change."
"147","Rock-a-Bye Baby (1958).mp4","Rock-a-Bye Baby","1958","","","defer_low_priority","","True","unconfirmed","Not selected for the current audience; review if tastes or source rights change."
"148","Romancing The Stone (1984).mp4","Romancing The Stone","1984","","","candidate_rights_pending","classic-cinema","True","unconfirmed","Recognizable audience fit; source title and film rights must be confirmed before public playback."
"149","Roofman • (Dark Comedy-Romance, Period Drama, Biography) (2025).mp4","Roofman • (Dark Comedy-Romance, Period Drama, Biography","2025","","","candidate_rights_pending","classic-cinema","True","unconfirmed","Recognizable audience fit; source title and film rights must be confirmed before public playback."
"150","Rush.Hour.1998.1080p.BluRay.x264.AAC5.1-[YTS.MX].mp4","Rush Hour","1998","","","candidate_rights_pending","beyond-comedy","True","unconfirmed","Recognizable audience fit; source title and film rights must be confirmed before public playback."
"151","Rush.Hour.2.2001.1080p.BluRay.x264.YIFY.mp4","Rush Hour 2","2001","","","candidate_rights_pending","beyond-comedy","True","unconfirmed","Recognizable audience fit; source title and film rights must be confirmed before public playback."
"152","Rush.Hour.3.2007.1080p.BluRay.x264.AAC5.1-[YTS.MX].mp4","Rush Hour 3","2007","","","candidate_rights_pending","beyond-comedy","True","unconfirmed","Recognizable audience fit; source title and film rights must be confirmed before public playback."
"153","Rushmore (1998).mp4","Rushmore","1998","","","candidate_rights_pending","beyond-comedy","True","unconfirmed","Recognizable audience fit; source title and film rights must be confirmed before public playback."
"154","SLC Punk (1998).ia.mp4","SLC Punk","1998","","","candidate_rights_pending","classic-cinema","True","unconfirmed","Recognizable audience fit; source title and film rights must be confirmed before public playback."
"155","SUMMER MAGIC.1963.mp4","SUMMER MAGIC","1963","","","defer_low_priority","","True","unconfirmed","Not selected for the current audience; review if tastes or source rights change."
"156","Satan Met A Lady.ia.mp4","Satan Met A Lady ia","","","","defer_low_priority","","True","unconfirmed","Not selected for the current audience; review if tastes or source rights change."
"157","Secrets & Lies (1996).mp4","Secrets & Lies","1996","","","defer_low_priority","","True","unconfirmed","Not selected for the current audience; review if tastes or source rights change."
"158","Send Me No Flowers (1964).mp4","Send Me No Flowers","1964","","","defer_low_priority","","True","unconfirmed","Not selected for the current audience; review if tastes or source rights change."
"159","Shanghai.Knights.2003.1080p.BrRip.x264.YIFY.mp4","Shanghai Knights","2003","","","candidate_rights_pending","beyond-comedy","True","unconfirmed","Recognizable audience fit; source title and film rights must be confirmed before public playback."
"160","Shanghai.Noon.2000.1080p.BluRay.x264-[YTS.AM].mp4","Shanghai Noon","2000","","","candidate_rights_pending","beyond-comedy","True","unconfirmed","Recognizable audience fit; source title and film rights must be confirmed before public playback."
"161","Sin Takes a Holiday (1930).mp4","Sin Takes a Holiday","1930","","","defer_low_priority","","True","unconfirmed","Not selected for the current audience; review if tastes or source rights change."
"162","Skywatch (1960).webm","Skywatch","1960","","","defer_low_priority","","True","unconfirmed","Not selected for the current audience; review if tastes or source rights change."
"163","Something Wild (1986).mp4","Something Wild","1986","","","defer_low_priority","","True","unconfirmed","Not selected for the current audience; review if tastes or source rights change."
"164","Stage  Door (1937).mp4","Stage  Door","1937","","","defer_low_priority","","True","unconfirmed","Not selected for the current audience; review if tastes or source rights change."
"165","Stalag 17 (1953).mp4","Stalag 17","1953","","","defer_low_priority","","True","unconfirmed","Not selected for the current audience; review if tastes or source rights change."
"166","Storm.In.A.Teacup.1937.720p.BluRay.x264-[YTS.AM].mp4","Storm In A Teacup","1937","","","defer_low_priority","","True","unconfirmed","Not selected for the current audience; review if tastes or source rights change."
"167","Strangers with Candy (2005).mp4","Strangers with Candy","2005","","","candidate_rights_pending","beyond-comedy","True","unconfirmed","Recognizable audience fit; source title and film rights must be confirmed before public playback."
"168","Stripes (1981).mp4","Stripes","1981","","","candidate_rights_pending","beyond-comedy","True","unconfirmed","Recognizable audience fit; source title and film rights must be confirmed before public playback."
"169","Support Your Local Sheriff! (1969).mp4","Support Your Local Sheriff!","1969","","","defer_low_priority","","True","unconfirmed","Not selected for the current audience; review if tastes or source rights change."
"170","Susan Slept Here (1954).mp4","Susan Slept Here","1954","","","defer_low_priority","","True","unconfirmed","Not selected for the current audience; review if tastes or source rights change."
"171","THE LOVE BUG (1968).mp4","THE LOVE BUG","1968","","","defer_low_priority","","True","unconfirmed","Not selected for the current audience; review if tastes or source rights change."
"172","The Addams Family (2019).mp4","The Addams Family","2019","","","candidate_rights_pending","beyond-family","True","unconfirmed","Recognizable audience fit; source title and film rights must be confirmed before public playback."
"173","The Anniversary (1968) COMEDY _DRAMA 1080P .mp4","The Anniversary","1968","","","defer_low_priority","","True","unconfirmed","Not selected for the current audience; review if tastes or source rights change."
"174","The Bad News Bears (1976).mp4","The Bad News Bears","1976","","","candidate_rights_pending","beyond-comedy","True","unconfirmed","Recognizable audience fit; source title and film rights must be confirmed before public playback."
"175","The Battle of the Sexes (1960).mp4","The Battle of the Sexes","1960","","","defer_low_priority","","True","unconfirmed","Not selected for the current audience; review if tastes or source rights change."
"176","The Bellboy (1960).mp4","The Bellboy","1960","","","defer_low_priority","","True","unconfirmed","Not selected for the current audience; review if tastes or source rights change."
"177","The Big Hit (1998) (Action, Dark Comedy, Crime, Thriller ).mp4","The Big Hit","1998","","","candidate_rights_pending","classic-cinema","True","unconfirmed","Recognizable audience fit; source title and film rights must be confirmed before public playback."
"178","The Big Picture (1989).mp4","The Big Picture","1989","","","defer_low_priority","","True","unconfirmed","Not selected for the current audience; review if tastes or source rights change."
"179","The Card (1952).mp4","The Card","1952","","","defer_low_priority","","True","unconfirmed","Not selected for the current audience; review if tastes or source rights change."
"180","The Devil Is a woman (1935) .mp4","The Devil Is a woman","1935","","","defer_low_priority","","True","unconfirmed","Not selected for the current audience; review if tastes or source rights change."
"181","The Devil Wears Prada (2006)- Anne Hathaway, Meryl Streep, Adrian Grenier.mp4","The Devil Wears Prada","2006","","","candidate_rights_pending","beyond-comedy","True","unconfirmed","Recognizable audience fit; source title and film rights must be confirmed before public playback."
"182","The Devil and Miss Jones (1941).mp4","The Devil and Miss Jones","1941","","","defer_low_priority","","True","unconfirmed","Not selected for the current audience; review if tastes or source rights change."
"183","The Drama (2026).mp4","The Drama","2026","","","hold_metadata_review","","True","unconfirmed","Filename or 2026 release claim needs independent title and edition confirmation."
"184","The Grand Budapest Hotel (2014).mp4","The Grand Budapest Hotel","2014","","","candidate_rights_pending","beyond-comedy","True","unconfirmed","Recognizable audience fit; source title and film rights must be confirmed before public playback."
"185","The Great American Broadcast (1941) John Payne, Alice Faye, Cesar Romero.mp4","The Great American Broadcast","1941","","","defer_low_priority","","True","unconfirmed","Not selected for the current audience; review if tastes or source rights change."
"186","The Haunted Cop Shop (1987) (Subs), Rare..mp4","The Haunted Cop Shop","1987","","","defer_language","","True","unconfirmed","Subtitled or non-English version conflicts with the current English-first preference."
"187","The Honey Pot (1967).mp4","The Honey Pot","1967","","","defer_low_priority","","True","unconfirmed","Not selected for the current audience; review if tastes or source rights change."
"188","The Horn Blows at Midnight (1945) Jack Benny, Alexis Smith, Guy Kibbee and Reginald Gardiner.mp4","The Horn Blows at Midnight","1945","","","defer_low_priority","","True","unconfirmed","Not selected for the current audience; review if tastes or source rights change."
"189","The Ladies Man (1961).mp4","The Ladies Man","1961","","","defer_low_priority","","True","unconfirmed","Not selected for the current audience; review if tastes or source rights change."
"190","The Lady Is Willing (1942).mp4","The Lady Is Willing","1942","","","defer_low_priority","","True","unconfirmed","Not selected for the current audience; review if tastes or source rights change."
"191","The Marrying Kind (1952).ia.mp4","The Marrying Kind","1952","","","defer_low_priority","","True","unconfirmed","Not selected for the current audience; review if tastes or source rights change."
"192","The Naked Gun 2½ The Smell of Fear (1991).mp4","The Naked Gun 2½ The Smell of Fear","1991","","","candidate_rights_pending","beyond-comedy","True","unconfirmed","Recognizable audience fit; source title and film rights must be confirmed before public playback."
"193","The Naked Gun From the Files of Police Squad! (1988).mp4","The Naked Gun From the Files of Police Squad!","1988","","","candidate_rights_pending","beyond-comedy","True","unconfirmed","Recognizable audience fit; source title and film rights must be confirmed before public playback."
"194","The Peanut Butter Falcon (2019) Zack Gottsagen, Ann Pierce, Dakota Johnson, Bruce Dern, Shia LaBeouf.mp4","The Peanut Butter Falcon","2019","","","candidate_rights_pending","beyond-family","True","unconfirmed","Recognizable audience fit; source title and film rights must be confirmed before public playback."
"195","The Philadelphia Story (1940).mp4","The Philadelphia Story","1940","","","defer_low_priority","","True","unconfirmed","Not selected for the current audience; review if tastes or source rights change."
"196","The Polka King (2017).mp4","The Polka King","2017","","","candidate_rights_pending","beyond-comedy","True","unconfirmed","Recognizable audience fit; source title and film rights must be confirmed before public playback."
"197","The Producers (1967).mp4","The Producers","1967","","","candidate_rights_pending","beyond-comedy","True","unconfirmed","Recognizable audience fit; source title and film rights must be confirmed before public playback."
"198","The Purple Rose of Cairo (1985).mp4","The Purple Rose of Cairo","1985","","","candidate_rights_pending","beyond-comedy","True","unconfirmed","Recognizable audience fit; source title and film rights must be confirmed before public playback."
"199","The Reivers (1969).mp4","The Reivers","1969","","","defer_low_priority","","True","unconfirmed","Not selected for the current audience; review if tastes or source rights change."
"200","The Smiling Lieutenant (1931) [Maurice Chevalier, Claudette Colbert, Miriam Hopkins; Dir. Ernst Lubitsch; 720p].mp4","The Smiling Lieutenant","1931","","","defer_low_priority","","True","unconfirmed","Not selected for the current audience; review if tastes or source rights change."
"201","The Solid Gold Cadillac (1956).mp4","The Solid Gold Cadillac","1956","","","defer_low_priority","","True","unconfirmed","Not selected for the current audience; review if tastes or source rights change."
"202","The Stooge (1951).m4v","The Stooge","1951","","","defer_low_priority","","True","unconfirmed","Not selected for the current audience; review if tastes or source rights change."
"203","The Talk Of The Town (1942) - Cary Grant, Jean Arthur, Ronald Colman.mp4","The Talk Of The Town","1942","","","defer_low_priority","","True","unconfirmed","Not selected for the current audience; review if tastes or source rights change."
"204","The Trouble With Harry (1955).mp4","The Trouble With Harry","1955","","","defer_low_priority","","True","unconfirmed","Not selected for the current audience; review if tastes or source rights change."
"205","The Twelve Chairs (1970) Mel Brooks.mp4","The Twelve Chairs","1970","","","defer_low_priority","","True","unconfirmed","Not selected for the current audience; review if tastes or source rights change."
"206","The War Of The Roses (1989).mp4","The War Of The Roses","1989","","","candidate_rights_pending","beyond-comedy","True","unconfirmed","Recognizable audience fit; source title and film rights must be confirmed before public playback."
"207","The Whole Town's Talking (1935).mp4","The Whole Town's Talking","1935","","","defer_low_priority","","True","unconfirmed","Not selected for the current audience; review if tastes or source rights change."
"208","The Woman In Red (1935).mp4","The Woman In Red","1935","","","defer_low_priority","","True","unconfirmed","Not selected for the current audience; review if tastes or source rights change."
"209","The. Hitmans. Wife's. Bodyguard.  (2021).mp4","The  Hitmans  Wife's  Bodyguard","2021","","","candidate_rights_pending","classic-cinema","True","unconfirmed","Recognizable audience fit; source title and film rights must be confirmed before public playback."
"210","The.Apartment. (1960).mp4","The Apartment","1960","","","defer_low_priority","","True","unconfirmed","Not selected for the current audience; review if tastes or source rights change."
"211","The.Birdcage.1996.1080p.BluRay.x264-[YTS.AM].mp4","The Birdcage","1996","","","candidate_rights_pending","beyond-comedy","True","unconfirmed","Recognizable audience fit; source title and film rights must be confirmed before public playback."
"212","The.Devil.Wears.Prada.2.2026.1080p.WEBRip.x265.10bit.AAC5.1-[YTS.GG - YTS.BZ].mp4","The Devil Wears Prada 2","2026","","","hold_metadata_review","","True","unconfirmed","Filename or 2026 release claim needs independent title and edition confirmation."
"213","The.Goose.Steps.Out.1942.1080p.BluRay.x264-[YTS.AG].mp4","The Goose Steps Out","1942","","","defer_low_priority","","True","unconfirmed","Not selected for the current audience; review if tastes or source rights change."
"214","The.Legend.of.Drunken.Master.1994.720p.BRRip.XviD-SHiRK.mp4","The Legend of Drunken Master","1994","","","defer_low_priority","","True","unconfirmed","Not selected for the current audience; review if tastes or source rights change."
"215","The.Man.From.Nowhere (DUB) .2010.1080p.BRrip.x264.GAZ.YIFY.mp4","The Man From Nowhere (DUB","2010","","","defer_low_priority","","True","unconfirmed","Not selected for the current audience; review if tastes or source rights change."
"216","The.Onion.Movie.2008.1080p.mp4","The Onion Movie","2008","","","candidate_rights_pending","beyond-comedy","True","unconfirmed","Recognizable audience fit; source title and film rights must be confirmed before public playback."
"217","The.Wrecking.Crew.2026.1080p.WEBRip.x264.mp4","The Wrecking Crew","2026","","","hold_metadata_review","","True","unconfirmed","Filename or 2026 release claim needs independent title and edition confirmation."
"218","The_Sheep_Detectives (2026).mp4","The Sheep Detectives","2026","","","hold_metadata_review","","True","unconfirmed","Filename or 2026 release claim needs independent title and edition confirmation."
"219","There's Nothing Out There! (1991).mp4","There's Nothing Out There!","1991","","","defer_low_priority","","True","unconfirmed","Not selected for the current audience; review if tastes or source rights change."
"220","They.Call.Me.Trinity.1970.720p.BluRay.x264-[YTS.AM].mp4","They Call Me Trinity","1970","","","defer_low_priority","","True","unconfirmed","Not selected for the current audience; review if tastes or source rights change."
"221","This Is Spinal Tap (1984).mp4","This Is Spinal Tap","1984","","","candidate_rights_pending","beyond-comedy","True","unconfirmed","Recognizable audience fit; source title and film rights must be confirmed before public playback."
"222","To Be Or Not To Be (1983) Mel Brooks-.mp4","To Be Or Not To Be","1983","","","defer_low_priority","","True","unconfirmed","Not selected for the current audience; review if tastes or source rights change."
"223","Trouble Along the Way 1953.mp4","Trouble Along the Way","1953","","","defer_low_priority","","True","unconfirmed","Not selected for the current audience; review if tastes or source rights change."
"224","Twins 1988.mp4","Twins","1988","","","candidate_rights_pending","beyond-comedy","True","unconfirmed","Recognizable audience fit; source title and film rights must be confirmed before public playback."
"225","Two Hands  (1999)• Heath Ledger, Bryan Brown, David Field, Rose Byrne.mp4","Two Hands","1999","","","defer_low_priority","","True","unconfirmed","Not selected for the current audience; review if tastes or source rights change."
"226","Uncle Buck (1989).mp4","Uncle Buck","1989","","","candidate_rights_pending","beyond-family","True","unconfirmed","Recognizable audience fit; source title and film rights must be confirmed before public playback."
"227","Unfaithfully Yours (1948).m4v","Unfaithfully Yours","1948","","","defer_low_priority","","True","unconfirmed","Not selected for the current audience; review if tastes or source rights change."
"228","Up the River (1930) Spencer Tracy, Humphrey Bogart, Claire Luce.mp4","Up the River","1930","","","defer_low_priority","","True","unconfirmed","Not selected for the current audience; review if tastes or source rights change."
"229","V.I._Warshawski_1991.mp4","V I Warshawski","1991","","","defer_low_priority","","True","unconfirmed","Not selected for the current audience; review if tastes or source rights change."
"230","ViVacious Lady (1938) James Stewart, Ginger Rogers, James Ellison, Charles Coburn.mp4","ViVacious Lady","1938","","","defer_low_priority","","True","unconfirmed","Not selected for the current audience; review if tastes or source rights change."
"231","Wag the Dog (1997) - Copy.mp4","Wag the Dog","1997","","","defer_low_priority","","True","unconfirmed","Not selected for the current audience; review if tastes or source rights change."
"232","Wedding.Crashers.2005.BRRip.x264.YIFY.mkv","Wedding Crashers","2005","Wedding Crashers","2005","already_in_catalog","","False","unconfirmed","Same film release already has a catalog entry; do not duplicate."
"233","What Women Want • Mel Gibson, Helen Hunt, Marisa Tomei (2000).mp4","What Women Want • Mel Gibson, Helen Hunt, Marisa Tomei","2000","","","candidate_rights_pending","beyond-comedy","True","unconfirmed","Recognizable audience fit; source title and film rights must be confirmed before public playback."
"234","What's New Pussycat (1965).mp4","What's New Pussycat","1965","","","defer_low_priority","","True","unconfirmed","Not selected for the current audience; review if tastes or source rights change."
"235","White.Men.Cant.Jump.1992.UNRATED.1080p.BluRay.x264.anoXmous_.mp4","White Men Cant Jump","1992","","","candidate_rights_pending","beyond-comedy","True","unconfirmed","Recognizable audience fit; source title and film rights must be confirmed before public playback."
"236","Whoopee! (1930).mp4","Whoopee!","1930","","","defer_low_priority","","True","unconfirmed","Not selected for the current audience; review if tastes or source rights change."
"237","Woman of the Year.(1942)🏆.mp4","Woman of the Year","1942","","","defer_low_priority","","True","unconfirmed","Not selected for the current audience; review if tastes or source rights change."
"238","Yankee Doodle Daffy (1943).mp4","Yankee Doodle Daffy","1943","","","defer_low_priority","","True","unconfirmed","Not selected for the current audience; review if tastes or source rights change."
"239","You Can't Take It with You (1938) Jean Arthur, James Stewart, Lionel Barrymore.mp4","You Can't Take It with You","1938","","","defer_low_priority","","True","unconfirmed","Not selected for the current audience; review if tastes or source rights change."
"240","You Can't Win 'Em All (1970).mp4","You Can't Win 'Em All","1970","","","defer_low_priority","","True","unconfirmed","Not selected for the current audience; review if tastes or source rights change."
"241","Youve.Got.Mail.1998.720p.BrRip.x264.YIFY.mp4","Youve Got Mail","1998","","","candidate_rights_pending","beyond-comedy","True","unconfirmed","Recognizable audience fit; source title and film rights must be confirmed before public playback."
